scene,frame,file,width,height,ssim_luma,psnr_rgb_db,max_abs_diff,diff_pixels,diff_image
alpha_stack,0,alpha_stack-f000.png,256,256,0.9999892068517506,52.90201615587573,1,65536,diff/alpha_stack-f000.png
alpha_stack,1,alpha_stack-f001.png,256,256,0.9999913308352368,49.891716199235915,1,65536,diff/alpha_stack-f001.png
alpha_stack,2,alpha_stack-f002.png,256,256,0.9999918201122204,49.891716199235915,1,65536,diff/alpha_stack-f002.png
alpha_stack,3,alpha_stack-f003.png,256,256,0.9999923711078793,52.90201615587573,1,65536,diff/alpha_stack-f003.png
alpha_stack,4,alpha_stack-f004.png,256,256,0.9999892068517506,52.90201615587573,1,65536,diff/alpha_stack-f004.png
alpha_stack,5,alpha_stack-f005.png,256,256,0.9999913308352368,49.891716199235915,1,65536,diff/alpha_stack-f005.png
alpha_stack,6,alpha_stack-f006.png,256,256,0.9999918201122204,49.891716199235915,1,65536,diff/alpha_stack-f006.png
alpha_stack,7,alpha_stack-f007.png,256,256,0.9999923711078793,52.90201615587573,1,65536,diff/alpha_stack-f007.png
alpha_stack,8,alpha_stack-f008.png,256,256,0.9999892068517506,52.90201615587573,1,65536,diff/alpha_stack-f008.png
alpha_stack,9,alpha_stack-f009.png,256,256,0.9999913308352368,49.891716199235915,1,65536,diff/alpha_stack-f009.png
alpha_stack,10,alpha_stack-f010.png,256,256,0.9999918201122204,49.891716199235915,1,65536,diff/alpha_stack-f010.png
alpha_stack,11,alpha_stack-f011.png,256,256,0.9999923711078793,52.90201615587573,1,65536,diff/alpha_stack-f011.png
alpha_stack,12,alpha_stack-f012.png,256,256,0.9999892068517506,52.90201615587573,1,65536,diff/alpha_stack-f012.png
alpha_stack,13,alpha_stack-f013.png,256,256,0.9999913308352368,49.891716199235915,1,65536,diff/alpha_stack-f013.png
alpha_stack,14,alpha_stack-f014.png,256,256,0.9999918201122204,49.891716199235915,1,65536,diff/alpha_stack-f014.png
alpha_stack,15,alpha_stack-f015.png,256,256,0.9999923711078793,52.90201615587573,1,65536,diff/alpha_stack-f015.png
blur,0,blur-f000.png,256,256,0.999999978264881,92.61583506197015,1,3,diff/blur-f000.png
blur,1,blur-f001.png,256,256,0.999999978264881,92.61583506197015,1,3,diff/blur-f001.png
blur,2,blur-f002.png,256,256,0.999999978264881,92.61583506197015,1,3,diff/blur-f002.png
blur,3,blur-f003.png,256,256,0.999999978264881,92.61583506197015,1,3,diff/blur-f003.png
blur,4,blur-f004.png,256,256,0.999999978264881,92.61583506197015,1,3,diff/blur-f004.png
blur,5,blur-f005.png,256,256,0.999999978264881,92.61583506197015,1,3,diff/blur-f005.png
blur,6,blur-f006.png,256,256,0.999999978264881,92.61583506197015,1,3,diff/blur-f006.png
blur,7,blur-f007.png,256,256,0.999999978264881,92.61583506197015,1,3,diff/blur-f007.png
blur,8,blur-f008.png,256,256,0.999999978264881,92.61583506197015,1,3,diff/blur-f008.png
blur,9,blur-f009.png,256,256,0.999999978264881,92.61583506197015,1,3,diff/blur-f009.png
blur,10,blur-f010.png,256,256,0.999999978264881,92.61583506197015,1,3,diff/blur-f010.png
blur,11,blur-f011.png,256,256,0.999999978264881,92.61583506197015,1,3,diff/blur-f011.png
blur,12,blur-f012.png,256,256,0.999999978264881,92.61583506197015,1,3,diff/blur-f012.png
blur,13,blur-f013.png,256,256,0.999999978264881,92.61583506197015,1,3,diff/blur-f013.png
blur,14,blur-f014.png,256,256,0.999999978264881,92.61583506197015,1,3,diff/blur-f014.png
blur,15,blur-f015.png,256,256,0.999999978264881,92.61583506197015,1,3,diff/blur-f015.png
checker,0,checker-f000.png,256,256,1,inf,0,0,
checker,1,checker-f001.png,256,256,1,inf,0,0,
checker,2,checker-f002.png,256,256,1,inf,0,0,
checker,3,checker-f003.png,256,256,1,inf,0,0,
checker,4,checker-f004.png,256,256,1,inf,0,0,
checker,5,checker-f005.png,256,256,1,inf,0,0,
checker,6,checker-f006.png,256,256,1,inf,0,0,
checker,7,checker-f007.png,256,256,1,inf,0,0,
checker,8,checker-f008.png,256,256,1,inf,0,0,
checker,9,checker-f009.png,256,256,1,inf,0,0,
checker,10,checker-f010.png,256,256,1,inf,0,0,
checker,11,checker-f011.png,256,256,1,inf,0,0,
checker,12,checker-f012.png,256,256,1,inf,0,0,
checker,13,checker-f013.png,256,256,1,inf,0,0,
checker,14,checker-f014.png,256,256,1,inf,0,0,
checker,15,checker-f015.png,256,256,1,inf,0,0,
gradient,0,gradient-f000.png,256,256,0.9997810177884726,65.52313545221185,1,3584,diff/gradient-f000.png
gradient,1,gradient-f001.png,256,256,0.99978253351901,65.52313545221185,1,3584,diff/gradient-f001.png
gradient,2,gradient-f002.png,256,256,0.9997813162640234,65.52313545221185,1,3584,diff/gradient-f002.png
gradient,3,gradient-f003.png,256,256,0.9998045409270417,65.52313545221185,1,3584,diff/gradient-f003.png
gradient,4,gradient-f004.png,256,256,0.9998025382492434,65.52313545221185,1,3584,diff/gradient-f004.png
gradient,5,gradient-f005.png,256,256,0.9997813213016726,65.52313545221185,1,3584,diff/gradient-f005.png
gradient,6,gradient-f006.png,256,256,0.9997835885732749,65.52313545221185,1,3584,diff/gradient-f006.png
gradient,7,gradient-f007.png,256,256,0.9997810177884727,65.52313545221185,1,3584,diff/gradient-f007.png
gradient,8,gradient-f008.png,256,256,0.9997979718921314,65.52313545221185,1,3584,diff/gradient-f008.png
gradient,9,gradient-f009.png,256,256,0.9997810177884726,65.52313545221185,1,3584,diff/gradient-f009.png
gradient,10,gradient-f010.png,256,256,0.9997914685557588,65.52313545221185,1,3584,diff/gradient-f010.png
gradient,11,gradient-f011.png,256,256,0.9997810446250366,65.52313545221185,1,3584,diff/gradient-f011.png
gradient,12,gradient-f012.png,256,256,0.9997945337128962,65.52313545221185,1,3584,diff/gradient-f012.png
gradient,13,gradient-f013.png,256,256,0.9997830941054913,65.52313545221185,1,3584,diff/gradient-f013.png
gradient,14,gradient-f014.png,256,256,0.9997810441368539,65.52313545221185,1,3584,diff/gradient-f014.png
gradient,15,gradient-f015.png,256,256,0.9997811463848496,65.52313545221185,1,3584,diff/gradient-f015.png
srgb_linear,0,srgb_linear-f000.png,256,256,1,inf,0,0,
srgb_linear,1,srgb_linear-f001.png,256,256,1,inf,0,0,
srgb_linear,2,srgb_linear-f002.png,256,256,1,inf,0,0,
srgb_linear,3,srgb_linear-f003.png,256,256,1,inf,0,0,
srgb_linear,4,srgb_linear-f004.png,256,256,1,inf,0,0,
srgb_linear,5,srgb_linear-f005.png,256,256,1,inf,0,0,
srgb_linear,6,srgb_linear-f006.png,256,256,1,inf,0,0,
srgb_linear,7,srgb_linear-f007.png,256,256,1,inf,0,0,
srgb_linear,8,srgb_linear-f008.png,256,256,1,inf,0,0,
srgb_linear,9,srgb_linear-f009.png,256,256,1,inf,0,0,
srgb_linear,10,srgb_linear-f010.png,256,256,1,inf,0,0,
srgb_linear,11,srgb_linear-f011.png,256,256,1,inf,0,0,
srgb_linear,12,srgb_linear-f012.png,256,256,1,inf,0,0,
srgb_linear,13,srgb_linear-f013.png,256,256,1,inf,0,0,
srgb_linear,14,srgb_linear-f014.png,256,256,1,inf,0,0,
srgb_linear,15,srgb_linear-f015.png,256,256,1,inf,0,0,
